<?xml version="1.0" encoding="UTF-8" ?>
<!DOCTYPE struts PUBLIC "-//Apache Software Foundation//DTD Struts Configuration 2.1//EN" "http://struts.apache.org/dtds/struts-2.1.dtd">
<struts>
   <package name="usermanager" extends="struts-default">
        <action name="helloworld" class="demo.web.HelloWorldAction">
           <result name="success">/success.jsp</result>
        </action>
        <action name="hello" class="demo.web.HelloAction">
           <result name="success">/success.jsp</result>
        </action>
   </package>
</struts>    
